
INSERT INTO "pokemon"
    ("id", "nom", "pv", "attaque", "defense", "attaque_spe", "defense_spe", "vitesse", "url")

VALUES
    (1, 'Bulbizarre', 45, 49, 49, 65, 65, 45, '/img/1.png' ),
    (2, 'Herbizarre', 60, 62, 63, 80, 80, 60, '/img/2.png'),
    (3, 'Florizarre', 80, 82, 83, 100, 100, 80, '/img/3.png'),
    (4, 'Salameche', 39, 52, 43, 60, 50, 65, '/img/4.png'),
    (5, 'Reptincel', 58, 64, 58, 80, 65, 80, '/img/5.png'),
    (6, 'Dracaufeu', 78, 84, 78, 109, 85, 100, '/img/6.png'),
    (7, 'Carapuce', 44, 48, 65, 60, 54, 43, '/img/7.png'),
    (8, 'Carabaffe', 59, 63, 80, 65, 80, 58, '/img/8.png'),
    (9, 'Tortank', 79, 83, 100, 85, 105, 78, '/img/9.png'),
    (10, 'Chenipan', 45, 30, 35, 20, 20, 45, '/img/10.png'),
    (11, 'Chrysacier', 50, 20, 55, 25, 25, 30, '/img/11.png'),
    (12, 'Papilusion', 60, 45, 50, 80, 80, 70, '/img/12.png'),
    (13, 'Aspicot', 40, 35, 30, 20, 20, 50, '/img/13.png'),
    (14, 'Coconfort', 45, 25, 50, 25, 25, 35, '/img/14.png'),
    (15, 'Dardargnan', 65, 80, 40, 40, 80, 75, '/img/15.png'),
    (16, 'Roucool', 40, 45, 40, 35, 35, 56, '/img/16.png'),
    (17, 'Roucoups', 63, 60, 55, 50, 50, 71, '/img/17.png'),
    (18, 'Roucarnage', 83, 80, 75, 70, 70, 91, '/img/18.png'),
    (19, 'Rattata', 30, 56, 35, 25, 35, 72, '/img/19.png'),
    (20, 'Rattatac', 55, 81, 60, 50, 70, 97, '/img/20.png'),
    (21, 'Piafabec', 40, 60, 30, 31, 31, 70, '/img/21.png'),
    (22, 'Rapasdepic', 65, 90, 65, 61, 61, 100, '/img/22.png'),
    (23, 'Abo', 30, 60, 44, 40, 54, 55, '/img/23.png'),
    (24, 'Arbok', 60, 85, 69, 65, 79, 80, '/img/24.png'),
    (25, 'Pikachu', 35, 55, 30, 50, 40, 90, '/img/25.png'),
    (26, 'Raichu', 60, 90, 55, 90, 80, 100, '/img/26.png'),
    (27, 'Sabelette', 50, 75, 85, 20, 30, 40, '/img/27.png'),
    (28, 'Sablaireau', 75, 100, 110, 45, 55, 65, '/img/28.png'),
    (29, 'Nidoran F', 55, 47, 52, 40, 40, 41, '/img/29.png'),
    (30, 'Nidorina', 70, 62, 67, 55, 55, 56, '/img/30.png'),
    (31, 'Nidoqueen', 90, 82, 87, 75, 85, 76, '/img/31.png'),
    (32, 'Nidoran M', 55, 47, 52, 40, 40, 41, '/img/32.png'),
    (33, 'Nidorino', 61, 72, 57, 55, 55, 65, '/img/33.png'),
    (34, 'Nidoking', 81, 92, 77, 85, 75, 85, '/img/34.png'),
    (35, 'Melofee', 70, 45, 48, 60, 65, 35, '/img/35.png'),
    (36, 'Melodelfe', 95, 70, 73, 85, 90, 60, '/img/36.png'),
    (37, 'Goupix', 38, 41, 40, 50, 65, 65, '/img/37.png'),
    (38, 'Feunard', 73, 76, 75, 81, 100, 100, '/img/38.png'),
    (39, 'Rondoudou', 115, 45, 20, 45, 25, 20, '/img/39.png'),
    (40, 'Grodoudou', 140, 70, 45, 75, 50, 45, '/img/40.png'),
    (41, 'Nosferapti', 40, 45, 35, 30, 40, 55, '/img/41.png'),
    (42, 'Nosferalto', 75, 80, 70, 65, 75, 90, '/img/42.png'),
    (43, 'Mystherbe', 45, 50, 55, 75, 65, 30, '/img/43.png'),
    (44, 'Ortide', 60, 65, 70, 85, 75, 40, '/img/44.png'),
    (45, 'Rafflesia', 75, 80, 85, 100, 90, 50, '/img/45.png'),
    (46, 'Paras', 35, 70, 55, 45, 55, 25, '/img/46.png'),
    (47, 'Parasect', 60, 95, 80, 60, 80, 30, '/img/47.png'),
    (48, 'Mimitoss', 60, 55, 50, 40, 55, 45, '/img/48.png'),
    (49, 'Aeromite', 70, 65, 60, 90, 75, 90, '/img/49.png'),
    (50, 'Taupiqueur', 10, 55, 25, 35, 45, 95, '/img/50.png'),
    (51, 'Triopikeur', 35, 80, 50, 50, 70, 120, '/img/51.png'),
    (52, 'Miaouss', 40, 45, 35, 40, 40, 90, '/img/52.png'),
    (53, 'Persian', 65, 70, 60, 65, 65, 115,'/img/53.png'),
    (54, 'Psykokwak', 50, 52, 48, 65, 50, 55, '/img/54.png'),
    (55, 'Akwakwak', 80, 82, 78, 95, 80, 85, '/img/55.png'),
    (56, 'Ferosinge', 40, 80, 35, 35, 45, 70, '/img/56.png'),
    (57, 'Colossinge', 65, 105, 60, 60, 70, 95, '/img/57.png'),
    (58, 'Caninos', 55, 70, 45, 70, 50, 60, '/img/58.png'),
    (59, 'Arcanin', 90, 110, 80, 100, 80, 95, '/img/59.png'),
    (60, 'Ptitard', 40, 50, 40, 40, 40, 90, '/img/60.png'),
    (61, 'Tetarte', 65, 65, 65, 50, 50, 90, '/img/61.png'),
    (62, 'Tartard', 90, 85, 95, 70, 90, 70, '/img/62.png'),
    (63, 'Abra', 25, 20, 15, 105, 55, 90, '/img/63.png'),
    (64, 'Kadabra', 40, 35, 30, 120, 70, 105, '/img/64.png'),
    (65, 'Alakazam', 55, 50, 45, 135, 85, 120, '/img/65.png'),
    (66, 'Machoc', 70, 80, 50, 35, 35, 35, '/img/66.png'),
    (67, 'Machopeur', 80, 100, 70, 50, 60, 45, '/img/67.png'),
    (68, 'Mackogneur', 90, 130, 80, 65, 85, 55, '/img/68.png'),
    (69, 'Chetiflor', 50, 75, 35, 70, 30, 40, '/img/69.png'),
    (70, 'Boustiflor', 65, 90, 50, 85, 45, 55, '/img/70.png'),
    (71, 'Empiflor', 80, 105, 65, 100, 60, 70, '/img/71.png'),
    (72, 'Tentacool', 40, 40, 35, 50, 100, 70, '/img/72.png'),
    (73, 'Tentacruel', 80, 70, 65, 80, 120, 100, '/img/73.png'),
    (74, 'Racaillou', 40, 80, 100, 30, 30, 20, '/img/74.png'),
    (75, 'Gravalanch', 55, 95, 115, 45, 45, 35, '/img/75.png'),
    (76, 'Grolem', 80, 110, 130, 55, 65, 45, '/img/76.png'),
    (77, 'Ponyta', 50, 85, 55, 65, 65, 90, '/img/77.png'),
    (78, 'Galopa', 65, 100, 70, 80, 80, 105, '/img/78.png'),
    (79, 'Ramoloss', 90, 65, 65, 40, 40, 15, '/img/79.png'),
    (80, 'Flagadoss', 95, 75, 110, 100, 80, 30, '/img/80.png'),
    (81, 'Magneti', 25, 35, 70, 95, 55, 45, '/img/81.png'),
    (82, 'Magneton', 50, 60, 95, 120, 70, 70, '/img/82.png'),
    (83, 'Canarticho', 52, 65, 55, 58, 62, 60, '/img/83.png'),
    (84, 'Doduo', 35, 85, 45, 35, 35, 75, '/img/84.png'),
    (85, 'Dodrio', 60, 110, 70, 60, 60, 100, '/img/85.png'),
    (86, 'Otaria', 65, 45, 55, 45, 70, 45, '/img/86.png'),
    (87, 'Lamantine', 90, 70, 80, 70, 95, 70, '/img/87.png'),
    (88, 'Tadmorv', 80, 80, 50, 40, 50, 25, '/img/88.png'),
    (89, 'Grotadmorv', 105, 105, 75, 65, 100, 50, '/img/89.png'),
    (90, 'Kokiyas', 30, 65, 100, 45, 25, 40, '/img/90.png'),
    (91, 'Crustabri', 50, 90, 180, 85, 45, 70, '/img/91.png'),
    (92, 'Fantominus', 30, 35, 30, 100, 35, 80, '/img/92.png'),
    (93, 'Spectrum', 45, 50, 45, 115, 55, 95, '/img/93.png'),
    (94, 'Ectoplasma', 60, 65, 60, 130, 75, 110, '/img/94.png'),
    (95, 'Onix', 35, 45, 160, 30, 45, 70, '/img/95.png'),
    (96, 'Soporifik', 60, 48, 45, 43, 90, 42, '/img/96.png'),
    (97, 'Hypnomade', 85, 73, 70, 73, 115, 67, '/img/97.png'),
    (98, 'Krabby', 30, 105, 90, 25, 25, 50, '/img/98.png'),
    (99, 'Krabboss', 55, 130, 115, 50, 50, 75, '/img/99.png'),
    (100, 'Voltorbe', 40, 30, 50, 55, 55, 100,  '/img/100.png'),
    (101, 'Electrode', 60, 50, 70, 80, 80, 140, '/img/101.png'),
    (102, 'Noeunoeuf', 60, 40, 80, 60, 45, 40, '/img/102.png'),
    (103, 'Noadkoko', 95, 95, 85, 125, 65, 55, '/img/103.png'),
    (104, 'Osselait', 50, 50, 95, 40, 50, 35, '/img/104.png'),
    (105, 'Ossatueur', 60, 80, 110, 50, 80, 45, '/img/105.png'),
    (106, 'Kicklee', 50, 120, 53, 35, 110, 87, '/img/106.png'),
    (107, 'Tygnon', 50, 105, 79, 35, 110, 76, '/img/107.png'),
    (108, 'Excelangue', 90, 55, 75, 60, 75, 30, '/img/108.png'),
    (109, 'Smogo', 40, 65, 95, 60, 45, 35, '/img/109.png'),
    (110, 'Smogogo', 65, 90, 120, 85, 70, 60, '/img/110.png'),
    (111, 'Rhinocorne', 80, 85, 95, 30, 30, 25,'/img/111.png'),
    (112, 'Rhydon', 105, 130, 120, 45, 45, 40, '/img/112.png'),
    (113, 'Chansey', 250, 5, 5, 35, 105, 50, '/img/113.png'),
    (114, 'Saquedeneu', 65, 55, 115, 100, 40, 60, '/img/114.png'),
    (115, 'Kangourex', 105, 95, 80, 40, 80, 90, '/img/115.png'),
    (116, 'Hypotrempe', 30, 40, 70, 70, 25, 60, '/img/116.png'),
    (117, 'Hypocean', 55, 65, 95, 95, 45, 85, '/img/117.png'),
    (118, 'Poissirene', 45, 67, 60, 35, 50, 63, '/img/118.png'),
    (119, 'Poissoroy', 80, 92, 65, 65, 80, 68, '/img/119.png'),
    (120, 'Stari', 30, 45, 55, 70, 55, 85, '/img/120.png'),
    (121, 'Staross', 60, 75, 85, 100, 85, 115, '/img/121.png'),
    (122, 'M.Mime', 40, 45, 65, 100, 120, 90, '/img/122.png'),
    (123, 'Insecateur', 70, 110, 80, 55, 80, 105, '/img/123.png'),
    (124, 'Lippoutou', 65, 50, 35, 115, 95, 95, '/img/124.png'),
    (125, 'Elektek', 65, 83, 57, 95, 85, 105, '/img/125.png'),
    (126, 'Magmar', 65, 95, 57, 100, 85, 93, '/img/126.png'),
    (127, 'Scarabrute', 65, 125, 100, 55, 70, 85, '/img/127.png'),
    (128, 'Tauros', 75, 100, 95, 40, 70, 110, '/img/128.png'),
    (129, 'Magicarpe', 20, 10, 55, 15, 20, 80, '/img/129.png'),
    (130, 'Leviator', 95, 125, 79, 60, 100, 81, '/img/130.png'),
    (131, 'Lokhlass', 130, 85, 80, 85, 95, 60, '/img/131.png'),
    (132, 'Metamorph', 48, 48, 48, 48, 48, 48, '/img/132.png'),
    (133, 'Evoli', 55, 55, 50, 45, 65, 55, '/img/133.png'),
    (134, 'Aquali', 130, 65, 60, 110, 95, 65, '/img/134.png'),
    (135, 'Voltali', 65, 65, 60, 110, 95, 130, '/img/135.png'),
    (136, 'Pyroli', 65, 130, 60, 95, 110, 65, '/img/136.png'),
    (137, 'Porygon', 65, 60, 70, 85, 75, 40, '/img/137.png'),
    (138, 'Amonita', 35, 40, 100, 90, 55, 35, '/img/138.png'),
    (139, 'Amonistar', 70, 60, 125, 115, 70, 55, '/img/139.png'),
    (140, 'Kabuto', 30, 80, 90, 55, 45, 55, '/img/140.png'),
    (141, 'Kabutops', 60, 115, 105, 65, 70, 80, '/img/141.png'),
    (142, 'Ptera', 80, 105, 65, 60, 75, 130, '/img/142.png'),
    (143, 'Ronflex', 160, 110, 65, 65, 110, 30, '/img/143.png'),
    (144, 'Artikodin', 90, 85, 100, 95, 125, 85, '/img/144.png'),
    (145, 'Electhor', 90, 90, 85, 125, 90, 100, '/img/145.png'),
    (146, 'Sulfura', 90, 100, 90, 125, 85, 90, '/img/146.png'),
    (147, 'Minidraco', 41, 64, 45, 50, 50, 50, '/img/147.png'),
    (148, 'Draco', 61, 84, 65, 70, 70, 70, '/img/148.png'),
    (149, 'Dracolosse', 91, 134, 95, 100, 100, 80, '/img/149.png'),
    (150, 'Mewtwo', 106, 110, 90, 154, 90, 130, '/img/150.png'),
    (151, 'Mew', 100, 100, 100, 100, 100, 100, '/img/151.png')
;

INSERT INTO types
    ("id", "nom")
VALUES
    
    (1, 'Normal'),
    (2, 'Feu'),
    (3, 'Eau'),
    (4, 'Plante'),
    (5, 'Electrik'),
    (6, 'Glace'),
    (7, 'Combat'),
    (8, 'Poison'),
    (9, 'Sol'),
    (10, 'Vol'),
    (11, 'Psy'),
    (12, 'Insecte'),
    (13, 'Roche'),
    (14, 'Spectre'),
    (16, 'Dragon'),
    (17, 'Acier')
;

INSERT INTO "pokemon_type"
    ("pokemon_id", "type_id")
VALUES
    (1, 4),
    (1, 8),
    (2, 4),
    (2, 8),
    (3, 4),
    (3, 8),
    (4, 2),
    (5, 2),
    (6, 2),
    (6, 10),
    (7, 3),
    (8, 3),
    (9, 3),
    (10, 12),
    (11, 12),
    (12, 12),
    (12, 10),
    (13, 12),
    (13, 8),
    (14, 12),
    (14, 8),
    (15, 12),
    (15, 8),
    (16, 1),
    (16, 10),
    (17, 1),
    (17, 10),
    (18, 1),
    (18, 10),
    (19, 1),
    (20, 1),
    (21, 1),
    (21, 10),
    (22, 1),
    (22, 10),
    (23, 8),
    (24, 8),
    (25, 5),
    (26, 5),
    (27, 9),
    (28, 9),
    (29, 8),
    (30, 8),
    (31, 8),
    (31, 9),
    (32, 8),
    (33, 8),
    (34, 8),
    (34, 9),
    (35, 1),
    (36, 1),
    (37, 2),
    (38, 2),
    (39, 1),
    (40, 1),
    (41, 8),
    (41, 10),
    (42, 8),
    (42, 10),
    (43, 4),
    (43, 8),
    (44, 4),
    (44, 8),
    (45, 4),
    (45, 8),
    (46, 12),
    (46, 4),
    (47, 12),
    (47, 4),
    (48, 12),
    (48, 8),
    (49, 12),
    (49, 8),
    (50, 9),
    (51, 9),
    (52, 1),
    (53, 1),
    (54, 3),
    (55, 3),
    (56, 7),
    (57, 7),
    (58, 2),
    (59, 2),
    (60, 3),
    (61, 3),
    (62, 3),
    (62, 7),
    (63, 11),
    (64, 11),
    (65, 11),
    (66, 7),
    (67, 7),
    (68, 7),
    (69, 4),
    (69, 8),
    (70, 4),
    (70, 8),
    (71, 4),
    (71, 8),
    (72, 3),
    (72, 8),
    (73, 3),
    (73, 8),
    (74, 13),
    (74, 9),
    (75, 13),
    (75, 9),
    (76, 13),
    (76, 9),
    (77, 2),
    (78, 2),
    (79, 3),
    (79, 11),
    (80, 3),
    (80, 11),
    (81, 5),
    (81, 17),
    (82, 5),
    (82, 17),
    (83, 1),
    (83, 10),
    (84, 1),
    (84, 10),
    (85, 1),
    (85, 10),
    (86, 3),
    (87, 3),
    (87, 6),
    (88, 8),
    (89, 8),
    (90, 3),
    (91, 3),
    (91, 6),
    (92, 14),
    (92, 8),
    (93, 14),
    (93, 8),
    (94, 14),
    (94, 8),
    (95, 13),
    (95, 9),
    (96, 11),
    (97, 11),
    (98, 3),
    (99, 3),
    (100, 5),
    (101, 5),
    (102, 4),
    (102, 11),
    (103, 4),
    (103, 11),
    (104, 9),
    (105, 9),
    (106, 7),
    (107, 7),
    (108, 1),
    (109, 8),
    (110, 8),
    (111, 9),
    (111, 13),
    (112, 9),
    (112, 13),
    (113, 1),
    (114, 4),
    (115, 1),
    (116, 3),
    (117, 3),
    (118, 3),
    (119, 3),
    (120, 3),
    (121, 3),
    (121, 11),
    (122, 11),
    (123, 12),
    (123, 10),
    (124, 6),
    (124, 11),
    (125, 5),
    (126, 2),
    (127, 12),
    (128, 1),
    (129, 3),
    (130, 3),
    (130, 10),
    (131, 3),
    (131, 6),
    (132, 1),
    (133, 1),
    (134, 3),
    (135, 5),
    (136, 2),
    (137, 1),
    (138, 13),
    (138, 3),
    (139, 13),
    (139, 3),
    (140, 13),
    (140, 3),
    (141, 13),
    (141, 3),
    (142, 13),
    (142, 10),
    (143, 1),
    (144, 6),
    (144, 10),
    (145, 5),
    (145, 10),
    (146, 2),
    (146, 10),
    (147, 16),
    (148, 16),
    (149, 16),
    (149, 10),
    (150, 11)
;